{"&Aacute;":{"entity":193,"characters":"\u00c1"},"&aacute;":{"entity":225,"characters":"\u00e1"},"&Abreve;":{"entity":258,"characters":"\u0102"},"&abreve;":{"entity":259,"characters":"\u0103"},"&ac;":{"entity":8766,"characters":"\u223e"},"&acd;":{"entity":8767,"characters":"\u223f"},"&Acirc;":{"entity":194,"characters":"\u00c2"},"&acirc;":{"entity":226,"characters":"\u00e2"},"&acute;":{"entity":180,"characters":"\u00b4"},"&Acy;":{"entity":1040,"characters":"\u0410"},"&acy;":{"entity":1072,"characters":"\u0430"},"&AElig;":{"entity":198,"characters":"\u00c6"},"&aelig;":{"entity":230,"characters":"\u00e6"},"&af;":{"entity":8289,"characters":"\u2061"},"&Afr;":{"entity":120068,"characters":"\ud835\udd04"},"&afr;":{"entity":120094,"characters":"\ud835\udd1e"},"&Agrave;":{"entity":192,"characters":"\u00c0"},"&agrave;":{"entity":224,"characters":"\u00e0"},"&alefsym;":{"entity":8501,"characters":"\u2135"},"&Alpha;":{"entity":913,"characters":"\u0391"},"&alpha;":{"entity":945,"characters":"\u03b1"},"&Amacr;":{"entity":256,"characters":"\u0100"},"&amacr;":{"entity":257,"characters":"\u0101"},"&amalg;":{"entity":10815,"characters":"\u2a3f"},"&amp;":{"entity":38,"characters":"&"},"&andand;":{"entity":10837,"characters":"\u2a55"},"&And;":{"entity":10835,"characters":"\u2a53"},"&and;":{"entity":8743,"characters":"\u2227"},"&andd;":{"entity":10844,"characters":"\u2a5c"},"&andslope;":{"entity":10840,"characters":"\u2a58"},"&andv;":{"entity":10842,"characters":"\u2a5a"},"&ang;":{"entity":8736,"characters":"\u2220"},"&ange;":{"entity":10660,"characters":"\u29a4"},"&angmsdaa;":{"entity":10664,"characters":"\u29a8"},"&angmsdab;":{"entity":10665,"characters":"\u29a9"},"&angmsdac;":{"entity":10666,"characters":"\u29aa"},"&angmsdad;":{"entity":10667,"characters":"\u29ab"},"&angmsdae;":{"entity":10668,"characters":"\u29ac"},"&angmsdaf;":{"entity":10669,"characters":"\u29ad"},"&angmsdag;":{"entity":10670,"characters":"\u29ae"},"&angmsdah;":{"entity":10671,"characters":"\u29af"},"&angmsd;":{"entity":8737,"characters":"\u2221"},"&angrt;":{"entity":8735,"characters":"\u221f"},"&angrtvb;":{"entity":8894,"characters":"\u22be"},"&angrtvbd;":{"entity":10653,"characters":"\u299d"},"&angsph;":{"entity":8738,"characters":"\u2222"},"&angst;":{"entity":197,"characters":"\u00c5"},"&angzarr;":{"entity":9084,"characters":"\u237c"},"&Aogon;":{"entity":260,"characters":"\u0104"},"&aogon;":{"entity":261,"characters":"\u0105"},"&Aopf;":{"entity":120120,"characters":"\ud835\udd38"},"&aopf;":{"entity":120146,"characters":"\ud835\udd52"},"&apacir;":{"entity":10863,"characters":"\u2a6f"},"&ap;":{"entity":8776,"characters":"\u2248"},"&apE;":{"entity":10864,"characters":"\u2a70"},"&ape;":{"entity":8778,"characters":"\u224a"},"&apid;":{"entity":8779,"characters":"\u224b"},"&apos;":{"entity":39,"characters":"'"},"&aring;":{"entity":229,"characters":"\u00e5"},"&Ascr;":{"entity":119964,"characters":"\ud835\udc9c"},"&ascr;":{"entity":119990,"characters":"\ud835\udcb6"},"&Assign;":{"entity":8788,"characters":"\u2254"},"&ast;":{"entity":42,"characters":"*"},"&asympeq;":{"entity":8781,"characters":"\u224d"},"&Atilde;":{"entity":195,"characters":"\u00c3"},"&atilde;":{"entity":227,"characters":"\u00e3"},"&Auml;":{"entity":196,"characters":"\u00c4"},"&auml;":{"entity":228,"characters":"\u00e4"},"&awconint;":{"entity":8755,"characters":"\u2233"},"&awint;":{"entity":10769,"characters":"\u2a11"},"&backcong;":{"entity":8780,"characters":"\u224c"},"&backepsilon;":{"entity":1014,"characters":"\u03f6"},"&backprime;":{"entity":8245,"characters":"\u2035"},"&backsim;":{"entity":8765,"characters":"\u223d"},"&backsimeq;":{"entity":8909,"characters":"\u22cd"},"&Backslash;":{"entity":8726,"characters":"\u2216"},"&Barv;":{"entity":10983,"characters":"\u2ae7"},"&barvee;":{"entity":8893,"characters":"\u22bd"},"&barwed;":{"entity":8965,"characters":"\u2305"},"&Barwed;":{"entity":8966,"characters":"\u2306"},"&bbrk;":{"entity":9141,"characters":"\u23b5"},"&bbrktbrk;":{"entity":9142,"characters":"\u23b6"},"&Bcy;":{"entity":1041,"characters":"\u0411"},"&bcy;":{"entity":1073,"characters":"\u0431"},"&bdquo;":{"entity":8222,"characters":"\u201e"},"&becaus;":{"entity":8757,"characters":"\u2235"},"&bemptyv;":{"entity":10672,"characters":"\u29b0"},"&bernou;":{"entity":8492,"characters":"\u212c"},"&Beta;":{"entity":914,"characters":"\u0392"},"&beta;":{"entity":946,"characters":"\u03b2"},"&beth;":{"entity":8502,"characters":"\u2136"},"&between;":{"entity":8812,"characters":"\u226c"},"&Bfr;":{"entity":120069,"characters":"\ud835\udd05"},"&bfr;":{"entity":120095,"characters":"\ud835\udd1f"},"&bigcap;":{"entity":8898,"characters":"\u22c2"},"&bigcirc;":{"entity":9711,"characters":"\u25ef"},"&bigcup;":{"entity":8899,"characters":"\u22c3"},"&bigodot;":{"entity":10752,"characters":"\u2a00"},"&bigoplus;":{"entity":10753,"characters":"\u2a01"},"&bigotimes;":{"entity":10754,"characters":"\u2a02"},"&bigsqcup;":{"entity":10758,"characters":"\u2a06"},"&bigstar;":{"entity":9733,"characters":"\u2605"},"&bigtriangledown;":{"entity":9661,"characters":"\u25bd"},"&bigtriangleup;":{"entity":9651,"characters":"\u25b3"},"&biguplus;":{"entity":10756,"characters":"\u2a04"},"&bigvee;":{"entity":8897,"characters":"\u22c1"},"&bigwedge;":{"entity":8896,"characters":"\u22c0"},"&bkarow;":{"entity":10509,"characters":"\u290d"},"&blacklozenge;":{"entity":10731,"characters":"\u29eb"},"&blacksquare;":{"entity":9642,"characters":"\u25aa"},"&blacktriangle;":{"entity":9652,"characters":"\u25b4"},"&blacktriangledown;":{"entity":9662,"characters":"\u25be"},"&blacktriangleleft;":{"entity":9666,"characters":"\u25c2"},"&blacktriangleright;":{"entity":9656,"characters":"\u25b8"},"&blank;":{"entity":9251,"characters":"\u2423"},"&blk12;":{"entity":9618,"characters":"\u2592"},"&blk14;":{"entity":9617,"characters":"\u2591"},"&blk34;":{"entity":9619,"characters":"\u2593"},"&block;":{"entity":9608,"characters":"\u2588"},"&bne;":{"entity":61,"characters":"=\u20e5"},"&bnequiv;":{"entity":8801,"characters":"\u2261\u20e5"},"&bNot;":{"entity":10989,"characters":"\u2aed"},"&bnot;":{"entity":8976,"characters":"\u2310"},"&Bopf;":{"entity":120121,"characters":"\ud835\udd39"},"&bopf;":{"entity":120147,"characters":"\ud835\udd53"},"&bot;":{"entity":8869,"characters":"\u22a5"},"&bowtie;":{"entity":8904,"characters":"\u22c8"},"&boxbox;":{"entity":10697,"characters":"\u29c9"},"&boxdl;":{"entity":9488,"characters":"\u2510"},"&boxdL;":{"entity":9557,"characters":"\u2555"},"&boxDl;":{"entity":9558,"characters":"\u2556"},"&boxDL;":{"entity":9559,"characters":"\u2557"},"&boxdr;":{"entity":9484,"characters":"\u250c"},"&boxdR;":{"entity":9554,"characters":"\u2552"},"&boxDr;":{"entity":9555,"characters":"\u2553"},"&boxDR;":{"entity":9556,"characters":"\u2554"},"&boxh;":{"entity":9472,"characters":"\u2500"},"&boxH;":{"entity":9552,"characters":"\u2550"},"&boxhd;":{"entity":9516,"characters":"\u252c"},"&boxHd;":{"entity":9572,"characters":"\u2564"},"&boxhD;":{"entity":9573,"characters":"\u2565"},"&boxHD;":{"entity":9574,"characters":"\u2566"},"&boxhu;":{"entity":9524,"characters":"\u2534"},"&boxHu;":{"entity":9575,"characters":"\u2567"},"&boxhU;":{"entity":9576,"characters":"\u2568"},"&boxHU;":{"entity":9577,"characters":"\u2569"},"&boxminus;":{"entity":8863,"characters":"\u229f"},"&boxplus;":{"entity":8862,"characters":"\u229e"},"&boxtimes;":{"entity":8864,"characters":"\u22a0"},"&boxul;":{"entity":9496,"characters":"\u2518"},"&boxuL;":{"entity":9563,"characters":"\u255b"},"&boxUl;":{"entity":9564,"characters":"\u255c"},"&boxUL;":{"entity":9565,"characters":"\u255d"},"&boxur;":{"entity":9492,"characters":"\u2514"},"&boxuR;":{"entity":9560,"characters":"\u2558"},"&boxUr;":{"entity":9561,"characters":"\u2559"},"&boxUR;":{"entity":9562,"characters":"\u255a"},"&boxv;":{"entity":9474,"characters":"\u2502"},"&boxV;":{"entity":9553,"characters":"\u2551"},"&boxvh;":{"entity":9532,"characters":"\u253c"},"&boxvH;":{"entity":9578,"characters":"\u256a"},"&boxVh;":{"entity":9579,"characters":"\u256b"},"&boxVH;":{"entity":9580,"characters":"\u256c"},"&boxvl;":{"entity":9508,"characters":"\u2524"},"&boxvL;":{"entity":9569,"characters":"\u2561"},"&boxVl;":{"entity":9570,"characters":"\u2562"},"&boxVL;":{"entity":9571,"characters":"\u2563"},"&boxvr;":{"entity":9500,"characters":"\u251c"},"&boxvR;":{"entity":9566,"characters":"\u255e"},"&boxVr;":{"entity":9567,"characters":"\u255f"},"&boxVR;":{"entity":9568,"characters":"\u2560"},"&breve;":{"entity":728,"characters":"\u02d8"},"&brvbar;":{"entity":166,"characters":"\u00a6"},"&bscr;":{"entity":119991,"characters":"\ud835\udcb7"},"&bsemi;":{"entity":8271,"characters":"\u204f"},"&bsolb;":{"entity":10693,"characters":"\u29c5"},"&bsol;":{"entity":92,"characters":"\\"},"&bsolhsub;":{"entity":10184,"characters":"\u27c8"},"&bull;":{"entity":8226,"characters":"\u2022"},"&bump;":{"entity":8782,"characters":"\u224e"},"&bumpE;":{"entity":10926,"characters":"\u2aae"},"&bumpe;":{"entity":8783,"characters":"\u224f"},"&Cacute;":{"entity":262,"characters":"\u0106"},"&cacute;":{"entity":263,"characters":"\u0107"},"&capand;":{"entity":10820,"characters":"\u2a44"},"&capbrcup;":{"entity":10825,"characters":"\u2a49"},"&capcap;":{"entity":10827,"characters":"\u2a4b"},"&cap;":{"entity":8745,"characters":"\u2229"},"&Cap;":{"entity":8914,"characters":"\u22d2"},"&capcup;":{"entity":10823,"characters":"\u2a47"},"&capdot;":{"entity":10816,"characters":"\u2a40"},"&CapitalDifferentialD;":{"entity":8517,"characters":"\u2145"},"&caret;":{"entity":8257,"characters":"\u2041"},"&caron;":{"entity":711,"characters":"\u02c7"},"&Cayleys;":{"entity":8493,"characters":"\u212d"},"&ccaps;":{"entity":10829,"characters":"\u2a4d"},"&Ccaron;":{"entity":268,"characters":"\u010c"},"&ccaron;":{"entity":269,"characters":"\u010d"},"&Ccedil;":{"entity":199,"characters":"\u00c7"},"&ccedil;":{"entity":231,"characters":"\u00e7"},"&Ccirc;":{"entity":264,"characters":"\u0108"},"&ccirc;":{"entity":265,"characters":"\u0109"},"&Cconint;":{"entity":8752,"characters":"\u2230"},"&ccups;":{"entity":10828,"characters":"\u2a4c"},"&ccupssm;":{"entity":10832,"characters":"\u2a50"},"&Cdot;":{"entity":266,"characters":"\u010a"},"&cdot;":{"entity":267,"characters":"\u010b"},"&cedil;":{"entity":184,"characters":"\u00b8"},"&cemptyv;":{"entity":10674,"characters":"\u29b2"},"&cent;":{"entity":162,"characters":"\u00a2"},"&centerdot;":{"entity":183,"characters":"\u00b7"},"&cfr;":{"entity":120096,"characters":"\ud835\udd20"},"&CHcy;":{"entity":1063,"characters":"\u0427"},"&chcy;":{"entity":1095,"characters":"\u0447"},"&check;":{"entity":10003,"characters":"\u2713"},"&Chi;":{"entity":935,"characters":"\u03a7"},"&chi;":{"entity":967,"characters":"\u03c7"},"&circ;":{"entity":710,"characters":"\u02c6"},"&circeq;":{"entity":8791,"characters":"\u2257"},"&circlearrowleft;":{"entity":8634,"characters":"\u21ba"},"&circlearrowright;":{"entity":8635,"characters":"\u21bb"},"&circledast;":{"entity":8859,"characters":"\u229b"},"&circledcirc;":{"entity":8858,"characters":"\u229a"},"&circleddash;":{"entity":8861,"characters":"\u229d"},"&CircleDot;":{"entity":8857,"characters":"\u2299"},"&circledR;":{"entity":174,"characters":"\u00ae"},"&circledS;":{"entity":9416,"characters":"\u24c8"},"&CircleMinus;":{"entity":8854,"characters":"\u2296"},"&CirclePlus;":{"entity":8853,"characters":"\u2295"},"&CircleTimes;":{"entity":8855,"characters":"\u2297"},"&cir;":{"entity":9675,"characters":"\u25cb"},"&cirE;":{"entity":10691,"characters":"\u29c3"},"&cirfnint;":{"entity":10768,"characters":"\u2a10"},"&cirmid;":{"entity":10991,"characters":"\u2aef"},"&cirscir;":{"entity":10690,"characters":"\u29c2"},"&ClockwiseContourIntegral;":{"entity":8754,"characters":"\u2232"},"&CloseCurlyDoubleQuote;":{"entity":8221,"characters":"\u201d"},"&CloseCurlyQuote;":{"entity":8217,"characters":"\u2019"},"&clubs;":{"entity":9827,"characters":"\u2663"},"&colon;":{"entity":58,"characters":":"},"&Colon;":{"entity":8759,"characters":"\u2237"},"&Colone;":{"entity":10868,"characters":"\u2a74"},"&comma;":{"entity":44,"characters":","},"&commat;":{"entity":64,"characters":"@"},"&comp;":{"entity":8705,"characters":"\u2201"},"&compfn;":{"entity":8728,"characters":"\u2218"},"&complexes;":{"entity":8450,"characters":"\u2102"},"&cong;":{"entity":8773,"characters":"\u2245"},"&congdot;":{"entity":10861,"characters":"\u2a6d"},"&conint;":{"entity":8750,"characters":"\u222e"},"&Conint;":{"entity":8751,"characters":"\u222f"},"&copf;":{"entity":120148,"characters":"\ud835\udd54"},"&coprod;":{"entity":8720,"characters":"\u2210"},"&copy;":{"entity":169,"characters":"\u00a9"},"&copysr;":{"entity":8471,"characters":"\u2117"},"&crarr;":{"entity":8629,"characters":"\u21b5"},"&cross;":{"entity":10007,"characters":"\u2717"},"&Cross;":{"entity":10799,"characters":"\u2a2f"},"&Cscr;":{"entity":119966,"characters":"\ud835\udc9e"},"&cscr;":{"entity":119992,"characters":"\ud835\udcb8"},"&csub;":{"entity":10959,"characters":"\u2acf"},"&csube;":{"entity":10961,"characters":"\u2ad1"},"&csup;":{"entity":10960,"characters":"\u2ad0"},"&csupe;":{"entity":10962,"characters":"\u2ad2"},"&ctdot;":{"entity":8943,"characters":"\u22ef"},"&cudarrl;":{"entity":10552,"characters":"\u2938"},"&cudarrr;":{"entity":10549,"characters":"\u2935"},"&cuepr;":{"entity":8926,"characters":"\u22de"},"&cuesc;":{"entity":8927,"characters":"\u22df"},"&cularr;":{"entity":8630,"characters":"\u21b6"},"&cularrp;":{"entity":10557,"characters":"\u293d"},"&cupbrcap;":{"entity":10824,"characters":"\u2a48"},"&cupcap;":{"entity":10822,"characters":"\u2a46"},"&cup;":{"entity":8746,"characters":"\u222a"},"&Cup;":{"entity":8915,"characters":"\u22d3"},"&cupcup;":{"entity":10826,"characters":"\u2a4a"},"&cupdot;":{"entity":8845,"characters":"\u228d"},"&cupor;":{"entity":10821,"characters":"\u2a45"},"&curarr;":{"entity":8631,"characters":"\u21b7"},"&curarrm;":{"entity":10556,"characters":"\u293c"},"&curlyvee;":{"entity":8910,"characters":"\u22ce"},"&curlywedge;":{"entity":8911,"characters":"\u22cf"},"&curren;":{"entity":164,"characters":"\u00a4"},"&cwint;":{"entity":8753,"characters":"\u2231"},"&cylcty;":{"entity":9005,"characters":"\u232d"},"&dagger;":{"entity":8224,"characters":"\u2020"},"&Dagger;":{"entity":8225,"characters":"\u2021"},"&daleth;":{"entity":8504,"characters":"\u2138"},"&darr;":{"entity":8595,"characters":"\u2193"},"&Darr;":{"entity":8609,"characters":"\u21a1"},"&dArr;":{"entity":8659,"characters":"\u21d3"},"&dash;":{"entity":8208,"characters":"\u2010"},"&Dashv;":{"entity":10980,"characters":"\u2ae4"},"&dashv;":{"entity":8867,"characters":"\u22a3"},"&dbkarow;":{"entity":10511,"characters":"\u290f"},"&dblac;":{"entity":733,"characters":"\u02dd"},"&Dcaron;":{"entity":270,"characters":"\u010e"},"&dcaron;":{"entity":271,"characters":"\u010f"},"&Dcy;":{"entity":1044,"characters":"\u0414"},"&dcy;":{"entity":1076,"characters":"\u0434"},"&ddarr;":{"entity":8650,"characters":"\u21ca"},"&dd;":{"entity":8518,"characters":"\u2146"},"&DDotrahd;":{"entity":10513,"characters":"\u2911"},"&ddotseq;":{"entity":10871,"characters":"\u2a77"},"&deg;":{"entity":176,"characters":"\u00b0"},"&Del;":{"entity":8711,"characters":"\u2207"},"&Delta;":{"entity":916,"characters":"\u0394"},"&delta;":{"entity":948,"characters":"\u03b4"},"&demptyv;":{"entity":10673,"characters":"\u29b1"},"&dfisht;":{"entity":10623,"characters":"\u297f"},"&Dfr;":{"entity":120071,"characters":"\ud835\udd07"},"&dfr;":{"entity":120097,"characters":"\ud835\udd21"},"&dHar;":{"entity":10597,"characters":"\u2965"},"&dharl;":{"entity":8643,"characters":"\u21c3"},"&dharr;":{"entity":8642,"characters":"\u21c2"},"&DiacriticalDot;":{"entity":729,"characters":"\u02d9"},"&DiacriticalGrave;":{"entity":96,"characters":"`"},"&DiacriticalTilde;":{"entity":732,"characters":"\u02dc"},"&diam;":{"entity":8900,"characters":"\u22c4"},"&diamondsuit;":{"entity":9830,"characters":"\u2666"},"&die;":{"entity":168,"characters":"\u00a8"},"&digamma;":{"entity":989,"characters":"\u03dd"},"&disin;":{"entity":8946,"characters":"\u22f2"},"&div;":{"entity":247,"characters":"\u00f7"},"&divideontimes;":{"entity":8903,"characters":"\u22c7"},"&DJcy;":{"entity":1026,"characters":"\u0402"},"&djcy;":{"entity":1106,"characters":"\u0452"},"&dlcorn;":{"entity":8990,"characters":"\u231e"},"&dlcrop;":{"entity":8973,"characters":"\u230d"},"&dollar;":{"entity":36,"characters":"$"},"&Dopf;":{"entity":120123,"characters":"\ud835\udd3b"},"&dopf;":{"entity":120149,"characters":"\ud835\udd55"},"&DotDot;":{"entity":8412,"characters":"\u20dc"},"&doteq;":{"entity":8784,"characters":"\u2250"},"&doteqdot;":{"entity":8785,"characters":"\u2251"},"&dotminus;":{"entity":8760,"characters":"\u2238"},"&dotplus;":{"entity":8724,"characters":"\u2214"},"&dotsquare;":{"entity":8865,"characters":"\u22a1"},"&DoubleLeftArrow;":{"entity":8656,"characters":"\u21d0"},"&DoubleLeftRightArrow;":{"entity":8660,"characters":"\u21d4"},"&DoubleLongLeftArrow;":{"entity":10232,"characters":"\u27f8"},"&DoubleLongLeftRightArrow;":{"entity":10234,"characters":"\u27fa"},"&DoubleLongRightArrow;":{"entity":10233,"characters":"\u27f9"},"&DoubleRightArrow;":{"entity":8658,"characters":"\u21d2"},"&DoubleRightTee;":{"entity":8872,"characters":"\u22a8"},"&DoubleUpArrow;":{"entity":8657,"characters":"\u21d1"},"&DoubleUpDownArrow;":{"entity":8661,"characters":"\u21d5"},"&DoubleVerticalBar;":{"entity":8741,"characters":"\u2225"},"&DownArrowBar;":{"entity":10515,"characters":"\u2913"},"&DownArrowUpArrow;":{"entity":8693,"characters":"\u21f5"},"&DownBreve;":{"entity":785,"characters":"\u0311"},"&DownLeftRightVector;":{"entity":10576,"characters":"\u2950"},"&DownLeftTeeVector;":{"entity":10590,"characters":"\u295e"},"&DownLeftVectorBar;":{"entity":10582,"characters":"\u2956"},"&DownLeftVector;":{"entity":8637,"characters":"\u21bd"},"&DownRightTeeVector;":{"entity":10591,"characters":"\u295f"},"&DownRightVectorBar;":{"entity":10583,"characters":"\u2957"},"&DownRightVector;":{"entity":8641,"characters":"\u21c1"},"&DownTeeArrow;":{"entity":8615,"characters":"\u21a7"},"&DownTee;":{"entity":8868,"characters":"\u22a4"},"&drbkarow;":{"entity":10512,"characters":"\u2910"},"&drcorn;":{"entity":8991,"characters":"\u231f"},"&drcrop;":{"entity":8972,"characters":"\u230c"},"&Dscr;":{"entity":119967,"characters":"\ud835\udc9f"},"&dscr;":{"entity":119993,"characters":"\ud835\udcb9"},"&DScy;":{"entity":1029,"characters":"\u0405"},"&dscy;":{"entity":1109,"characters":"\u0455"},"&dsol;":{"entity":10742,"characters":"\u29f6"},"&Dstrok;":{"entity":272,"characters":"\u0110"},"&dstrok;":{"entity":273,"characters":"\u0111"},"&dtdot;":{"entity":8945,"characters":"\u22f1"},"&dtri;":{"entity":9663,"characters":"\u25bf"},"&duhar;":{"entity":10607,"characters":"\u296f"},"&dwangle;":{"entity":10662,"characters":"\u29a6"},"&DZcy;":{"entity":1039,"characters":"\u040f"},"&dzcy;":{"entity":1119,"characters":"\u045f"},"&dzigrarr;":{"entity":10239,"characters":"\u27ff"},"&Eacute;":{"entity":201,"characters":"\u00c9"},"&eacute;":{"entity":233,"characters":"\u00e9"},"&easter;":{"entity":10862,"characters":"\u2a6e"},"&Ecaron;":{"entity":282,"characters":"\u011a"},"&ecaron;":{"entity":283,"characters":"\u011b"},"&Ecirc;":{"entity":202,"characters":"\u00ca"},"&ecirc;":{"entity":234,"characters":"\u00ea"},"&ecir;":{"entity":8790,"characters":"\u2256"},"&ecolon;":{"entity":8789,"characters":"\u2255"},"&Ecy;":{"entity":1069,"characters":"\u042d"},"&ecy;":{"entity":1101,"characters":"\u044d"},"&Edot;":{"entity":278,"characters":"\u0116"},"&edot;":{"entity":279,"characters":"\u0117"},"&ee;":{"entity":8519,"characters":"\u2147"},"&efDot;":{"entity":8786,"characters":"\u2252"},"&Efr;":{"entity":120072,"characters":"\ud835\udd08"},"&efr;":{"entity":120098,"characters":"\ud835\udd22"},"&eg;":{"entity":10906,"characters":"\u2a9a"},"&Egrave;":{"entity":200,"characters":"\u00c8"},"&egrave;":{"entity":232,"characters":"\u00e8"},"&egs;":{"entity":10902,"characters":"\u2a96"},"&egsdot;":{"entity":10904,"characters":"\u2a98"},"&el;":{"entity":10905,"characters":"\u2a99"},"&Element;":{"entity":8712,"characters":"\u2208"},"&elinters;":{"entity":9191,"characters":"\u23e7"},"&ell;":{"entity":8467,"characters":"\u2113"},"&els;":{"entity":10901,"characters":"\u2a95"},"&elsdot;":{"entity":10903,"characters":"\u2a97"},"&Emacr;":{"entity":274,"characters":"\u0112"},"&emacr;":{"entity":275,"characters":"\u0113"},"&empty;":{"entity":8709,"characters":"\u2205"},"&EmptySmallSquare;":{"entity":9723,"characters":"\u25fb"},"&EmptyVerySmallSquare;":{"entity":9643,"characters":"\u25ab"},"&emsp13;":{"entity":8196,"characters":"\u2004"},"&emsp14;":{"entity":8197,"characters":"\u2005"},"&emsp;":{"entity":8195,"characters":"\u2003"},"&ENG;":{"entity":330,"characters":"\u014a"},"&eng;":{"entity":331,"characters":"\u014b"},"&ensp;":{"entity":8194,"characters":"\u2002"},"&Eogon;":{"entity":280,"characters":"\u0118"},"&eogon;":{"entity":281,"characters":"\u0119"},"&Eopf;":{"entity":120124,"characters":"\ud835\udd3c"},"&eopf;":{"entity":120150,"characters":"\ud835\udd56"},"&epar;":{"entity":8917,"characters":"\u22d5"},"&eparsl;":{"entity":10723,"characters":"\u29e3"},"&eplus;":{"entity":10865,"characters":"\u2a71"},"&epsi;":{"entity":949,"characters":"\u03b5"},"&Epsilon;":{"entity":917,"characters":"\u0395"},"&epsiv;":{"entity":1013,"characters":"\u03f5"},"&eqsim;":{"entity":8770,"characters":"\u2242"},"&Equal;":{"entity":10869,"characters":"\u2a75"},"&equest;":{"entity":8799,"characters":"\u225f"},"&Equilibrium;":{"entity":8652,"characters":"\u21cc"},"&equivDD;":{"entity":10872,"characters":"\u2a78"},"&eqvparsl;":{"entity":10725,"characters":"\u29e5"},"&erarr;":{"entity":10609,"characters":"\u2971"},"&erDot;":{"entity":8787,"characters":"\u2253"},"&escr;":{"entity":8495,"characters":"\u212f"},"&Escr;":{"entity":8496,"characters":"\u2130"},"&Esim;":{"entity":10867,"characters":"\u2a73"},"&Eta;":{"entity":919,"characters":"\u0397"},"&eta;":{"entity":951,"characters":"\u03b7"},"&ETH;":{"entity":208,"characters":"\u00d0"},"&eth;":{"entity":240,"characters":"\u00f0"},"&Euml;":{"entity":203,"characters":"\u00cb"},"&euml;":{"entity":235,"characters":"\u00eb"},"&euro;":{"entity":8364,"characters":"\u20ac"},"&excl;":{"entity":33,"characters":"!"},"&exist;":{"entity":8707,"characters":"\u2203"},"&Fcy;":{"entity":1060,"characters":"\u0424"},"&fcy;":{"entity":1092,"characters":"\u0444"},"&female;":{"entity":9792,"characters":"\u2640"},"&ffilig;":{"entity":64259,"characters":"\ufb03"},"&fflig;":{"entity":64256,"characters":"\ufb00"},"&ffllig;":{"entity":64260,"characters":"\ufb04"},"&Ffr;":{"entity":120073,"characters":"\ud835\udd09"},"&ffr;":{"entity":120099,"characters":"\ud835\udd23"},"&filig;":{"entity":64257,"characters":"\ufb01"},"&FilledSmallSquare;":{"entity":9724,"characters":"\u25fc"},"&fjlig;":{"entity":102,"characters":"fj"},"&flat;":{"entity":9837,"characters":"\u266d"},"&fllig;":{"entity":64258,"characters":"\ufb02"},"&fltns;":{"entity":9649,"characters":"\u25b1"},"&fnof;":{"entity":402,"characters":"\u0192"},"&Fopf;":{"entity":120125,"characters":"\ud835\udd3d"},"&fopf;":{"entity":120151,"characters":"\ud835\udd57"},"&forall;":{"entity":8704,"characters":"\u2200"},"&fork;":{"entity":8916,"characters":"\u22d4"},"&forkv;":{"entity":10969,"characters":"\u2ad9"},"&Fouriertrf;":{"entity":8497,"characters":"\u2131"},"&fpartint;":{"entity":10765,"characters":"\u2a0d"},"&frac12;":{"entity":189,"characters":"\u00bd"},"&frac13;":{"entity":8531,"characters":"\u2153"},"&frac14;":{"entity":188,"characters":"\u00bc"},"&frac15;":{"entity":8533,"characters":"\u2155"},"&frac16;":{"entity":8537,"characters":"\u2159"},"&frac18;":{"entity":8539,"characters":"\u215b"},"&frac23;":{"entity":8532,"characters":"\u2154"},"&frac25;":{"entity":8534,"characters":"\u2156"},"&frac34;":{"entity":190,"characters":"\u00be"},"&frac35;":{"entity":8535,"characters":"\u2157"},"&frac38;":{"entity":8540,"characters":"\u215c"},"&frac45;":{"entity":8536,"characters":"\u2158"},"&frac56;":{"entity":8538,"characters":"\u215a"},"&frac58;":{"entity":8541,"characters":"\u215d"},"&frac78;":{"entity":8542,"characters":"\u215e"},"&frasl;":{"entity":8260,"characters":"\u2044"},"&frown;":{"entity":8994,"characters":"\u2322"},"&fscr;":{"entity":119995,"characters":"\ud835\udcbb"},"&gacute;":{"entity":501,"characters":"\u01f5"},"&Gamma;":{"entity":915,"characters":"\u0393"},"&gamma;":{"entity":947,"characters":"\u03b3"},"&Gammad;":{"entity":988,"characters":"\u03dc"},"&gap;":{"entity":10886,"characters":"\u2a86"},"&Gbreve;":{"entity":286,"characters":"\u011e"},"&gbreve;":{"entity":287,"characters":"\u011f"},"&Gcedil;":{"entity":290,"characters":"\u0122"},"&Gcirc;":{"entity":284,"characters":"\u011c"},"&gcirc;":{"entity":285,"characters":"\u011d"},"&Gcy;":{"entity":1043,"characters":"\u0413"},"&gcy;":{"entity":1075,"characters":"\u0433"},"&Gdot;":{"entity":288,"characters":"\u0120"},"&gdot;":{"entity":289,"characters":"\u0121"},"&ge;":{"entity":8805,"characters":"\u2265"},"&gE;":{"entity":8807,"characters":"\u2267"},"&gEl;":{"entity":10892,"characters":"\u2a8c"},"&gel;":{"entity":8923,"characters":"\u22db"},"&geqslant;":{"entity":10878,"characters":"\u2a7e"},"&gescc;":{"entity":10921,"characters":"\u2aa9"},"&gesdot;":{"entity":10880,"characters":"\u2a80"},"&gesdoto;":{"entity":10882,"characters":"\u2a82"},"&gesdotol;":{"entity":10884,"characters":"\u2a84"},"&gesles;":{"entity":10900,"characters":"\u2a94"},"&Gfr;":{"entity":120074,"characters":"\ud835\udd0a"},"&gfr;":{"entity":120100,"characters":"\ud835\udd24"},"&gg;":{"entity":8811,"characters":"\u226b"},"&Gg;":{"entity":8921,"characters":"\u22d9"},"&gimel;":{"entity":8503,"characters":"\u2137"},"&GJcy;":{"entity":1027,"characters":"\u0403"},"&gjcy;":{"entity":1107,"characters":"\u0453"},"&gla;":{"entity":10917,"characters":"\u2aa5"},"&gl;":{"entity":8823,"characters":"\u2277"},"&glE;":{"entity":10898,"characters":"\u2a92"},"&glj;":{"entity":10916,"characters":"\u2aa4"},"&gnap;":{"entity":10890,"characters":"\u2a8a"},"&gne;":{"entity":10888,"characters":"\u2a88"},"&gnE;":{"entity":8809,"characters":"\u2269"},"&gnsim;":{"entity":8935,"characters":"\u22e7"},"&Gopf;":{"entity":120126,"characters":"\ud835\udd3e"},"&gopf;":{"entity":120152,"characters":"\ud835\udd58"},"&GreaterGreater;":{"entity":10914,"characters":"\u2aa2"},"&GreaterTilde;":{"entity":8819,"characters":"\u2273"},"&Gscr;":{"entity":119970,"characters":"\ud835\udca2"},"&gscr;":{"entity":8458,"characters":"\u210a"},"&gsime;":{"entity":10894,"characters":"\u2a8e"},"&gsiml;":{"entity":10896,"characters":"\u2a90"},"&gtcc;":{"entity":10919,"characters":"\u2aa7"},"&gtcir;":{"entity":10874,"characters":"\u2a7a"},"&gt;":{"entity":62,"characters":">"},"&gtdot;":{"entity":8919,"characters":"\u22d7"},"&gtlPar;":{"entity":10645,"characters":"\u2995"},"&gtquest;":{"entity":10876,"characters":"\u2a7c"},"&gtrarr;":{"entity":10616,"characters":"\u2978"},"&hairsp;":{"entity":8202,"characters":"\u200a"},"&hamilt;":{"entity":8459,"characters":"\u210b"},"&HARDcy;":{"entity":1066,"characters":"\u042a"},"&hardcy;":{"entity":1098,"characters":"\u044a"},"&harrcir;":{"entity":10568,"characters":"\u2948"},"&harr;":{"entity":8596,"characters":"\u2194"},"&harrw;":{"entity":8621,"characters":"\u21ad"},"&Hat;":{"entity":94,"characters":"^"},"&hbar;":{"entity":8463,"characters":"\u210f"},"&Hcirc;":{"entity":292,"characters":"\u0124"},"&hcirc;":{"entity":293,"characters":"\u0125"},"&hearts;":{"entity":9829,"characters":"\u2665"},"&hellip;":{"entity":8230,"characters":"\u2026"},"&hercon;":{"entity":8889,"characters":"\u22b9"},"&hfr;":{"entity":120101,"characters":"\ud835\udd25"},"&Hfr;":{"entity":8460,"characters":"\u210c"},"&hksearow;":{"entity":10533,"characters":"\u2925"},"&hkswarow;":{"entity":10534,"characters":"\u2926"},"&hoarr;":{"entity":8703,"characters":"\u21ff"},"&homtht;":{"entity":8763,"characters":"\u223b"},"&hookleftarrow;":{"entity":8617,"characters":"\u21a9"},"&hookrightarrow;":{"entity":8618,"characters":"\u21aa"},"&hopf;":{"entity":120153,"characters":"\ud835\udd59"},"&Hopf;":{"entity":8461,"characters":"\u210d"},"&horbar;":{"entity":8213,"characters":"\u2015"},"&hscr;":{"entity":119997,"characters":"\ud835\udcbd"},"&Hstrok;":{"entity":294,"characters":"\u0126"},"&hstrok;":{"entity":295,"characters":"\u0127"},"&hybull;":{"entity":8259,"characters":"\u2043"},"&Iacute;":{"entity":205,"characters":"\u00cd"},"&iacute;":{"entity":237,"characters":"\u00ed"},"&ic;":{"entity":8291,"characters":"\u2063"},"&Icirc;":{"entity":206,"characters":"\u00ce"},"&icirc;":{"entity":238,"characters":"\u00ee"},"&Icy;":{"entity":1048,"characters":"\u0418"},"&icy;":{"entity":1080,"characters":"\u0438"},"&Idot;":{"entity":304,"characters":"\u0130"},"&IEcy;":{"entity":1045,"characters":"\u0415"},"&iecy;":{"entity":1077,"characters":"\u0435"},"&iexcl;":{"entity":161,"characters":"\u00a1"},"&ifr;":{"entity":120102,"characters":"\ud835\udd26"},"&Ifr;":{"entity":8465,"characters":"\u2111"},"&Igrave;":{"entity":204,"characters":"\u00cc"},"&igrave;":{"entity":236,"characters":"\u00ec"},"&ii;":{"entity":8520,"characters":"\u2148"},"&iiiint;":{"entity":10764,"characters":"\u2a0c"},"&iiint;":{"entity":8749,"characters":"\u222d"},"&iinfin;":{"entity":10716,"characters":"\u29dc"},"&iiota;":{"entity":8489,"characters":"\u2129"},"&IJlig;":{"entity":306,"characters":"\u0132"},"&ijlig;":{"entity":307,"characters":"\u0133"},"&Imacr;":{"entity":298,"characters":"\u012a"},"&imacr;":{"entity":299,"characters":"\u012b"},"&imagline;":{"entity":8464,"characters":"\u2110"},"&imath;":{"entity":305,"characters":"\u0131"},"&imof;":{"entity":8887,"characters":"\u22b7"},"&imped;":{"entity":437,"characters":"\u01b5"},"&incare;":{"entity":8453,"characters":"\u2105"},"&infin;":{"entity":8734,"characters":"\u221e"},"&infintie;":{"entity":10717,"characters":"\u29dd"},"&intcal;":{"entity":8890,"characters":"\u22ba"},"&int;":{"entity":8747,"characters":"\u222b"},"&Int;":{"entity":8748,"characters":"\u222c"},"&integers;":{"entity":8484,"characters":"\u2124"},"&intlarhk;":{"entity":10775,"characters":"\u2a17"},"&intprod;":{"entity":10812,"characters":"\u2a3c"},"&InvisibleTimes;":{"entity":8290,"characters":"\u2062"},"&IOcy;":{"entity":1025,"characters":"\u0401"},"&iocy;":{"entity":1105,"characters":"\u0451"},"&Iogon;":{"entity":302,"characters":"\u012e"},"&iogon;":{"entity":303,"characters":"\u012f"},"&Iopf;":{"entity":120128,"characters":"\ud835\udd40"},"&iopf;":{"entity":120154,"characters":"\ud835\udd5a"},"&Iota;":{"entity":921,"characters":"\u0399"},"&iota;":{"entity":953,"characters":"\u03b9"},"&iquest;":{"entity":191,"characters":"\u00bf"},"&iscr;":{"entity":119998,"characters":"\ud835\udcbe"},"&isindot;":{"entity":8949,"characters":"\u22f5"},"&isinE;":{"entity":8953,"characters":"\u22f9"},"&isins;":{"entity":8948,"characters":"\u22f4"},"&isinsv;":{"entity":8947,"characters":"\u22f3"},"&Itilde;":{"entity":296,"characters":"\u0128"},"&itilde;":{"entity":297,"characters":"\u0129"},"&Iukcy;":{"entity":1030,"characters":"\u0406"},"&iukcy;":{"entity":1110,"characters":"\u0456"},"&Iuml;":{"entity":207,"characters":"\u00cf"},"&iuml;":{"entity":239,"characters":"\u00ef"},"&Jcirc;":{"entity":308,"characters":"\u0134"},"&jcirc;":{"entity":309,"characters":"\u0135"},"&Jcy;":{"entity":1049,"characters":"\u0419"},"&jcy;":{"entity":1081,"characters":"\u0439"},"&Jfr;":{"entity":120077,"characters":"\ud835\udd0d"},"&jfr;":{"entity":120103,"characters":"\ud835\udd27"},"&jmath;":{"entity":567,"characters":"\u0237"},"&Jopf;":{"entity":120129,"characters":"\ud835\udd41"},"&jopf;":{"entity":120155,"characters":"\ud835\udd5b"},"&Jscr;":{"entity":119973,"characters":"\ud835\udca5"},"&jscr;":{"entity":119999,"characters":"\ud835\udcbf"},"&Jsercy;":{"entity":1032,"characters":"\u0408"},"&jsercy;":{"entity":1112,"characters":"\u0458"},"&Jukcy;":{"entity":1028,"characters":"\u0404"},"&jukcy;":{"entity":1108,"characters":"\u0454"},"&Kappa;":{"entity":922,"characters":"\u039a"},"&kappa;":{"entity":954,"characters":"\u03ba"},"&kappav;":{"entity":1008,"characters":"\u03f0"},"&Kcedil;":{"entity":310,"characters":"\u0136"},"&kcedil;":{"entity":311,"characters":"\u0137"},"&Kcy;":{"entity":1050,"characters":"\u041a"},"&kcy;":{"entity":1082,"characters":"\u043a"},"&Kfr;":{"entity":120078,"characters":"\ud835\udd0e"},"&kfr;":{"entity":120104,"characters":"\ud835\udd28"},"&kgreen;":{"entity":312,"characters":"\u0138"},"&KHcy;":{"entity":1061,"characters":"\u0425"},"&khcy;":{"entity":1093,"characters":"\u0445"},"&KJcy;":{"entity":1036,"characters":"\u040c"},"&kjcy;":{"entity":1116,"characters":"\u045c"},"&Kopf;":{"entity":120130,"characters":"\ud835\udd42"},"&kopf;":{"entity":120156,"characters":"\ud835\udd5c"},"&Kscr;":{"entity":119974,"characters":"\ud835\udca6"},"&kscr;":{"entity":120000,"characters":"\ud835\udcc0"},"&lAarr;":{"entity":8666,"characters":"\u21da"},"&Lacute;":{"entity":313,"characters":"\u0139"},"&lacute;":{"entity":314,"characters":"\u013a"},"&laemptyv;":{"entity":10676,"characters":"\u29b4"},"&lagran;":{"entity":8466,"characters":"\u2112"},"&Lambda;":{"entity":923,"characters":"\u039b"},"&lambda;":{"entity":955,"characters":"\u03bb"},"&lang;":{"entity":10216,"characters":"\u27e8"},"&Lang;":{"entity":10218,"characters":"\u27ea"},"&langd;":{"entity":10641,"characters":"\u2991"},"&lap;":{"entity":10885,"characters":"\u2a85"},"&laquo;":{"entity":171,"characters":"\u00ab"},"&larrb;":{"entity":8676,"characters":"\u21e4"},"&larrbfs;":{"entity":10527,"characters":"\u291f"},"&larr;":{"entity":8592,"characters":"\u2190"},"&Larr;":{"entity":8606,"characters":"\u219e"},"&larrfs;":{"entity":10525,"characters":"\u291d"},"&larrlp;":{"entity":8619,"characters":"\u21ab"},"&larrpl;":{"entity":10553,"characters":"\u2939"},"&larrsim;":{"entity":10611,"characters":"\u2973"},"&larrtl;":{"entity":8610,"characters":"\u21a2"},"&latail;":{"entity":10521,"characters":"\u2919"},"&lAtail;":{"entity":10523,"characters":"\u291b"},"&lat;":{"entity":10923,"characters":"\u2aab"},"&late;":{"entity":10925,"characters":"\u2aad"},"&lbarr;":{"entity":10508,"characters":"\u290c"},"&lBarr;":{"entity":10510,"characters":"\u290e"},"&lbbrk;":{"entity":10098,"characters":"\u2772"},"&lbrace;":{"entity":123,"characters":"{"},"&lbrack;":{"entity":91,"characters":"["},"&lbrke;":{"entity":10635,"characters":"\u298b"},"&lbrksld;":{"entity":10639,"characters":"\u298f"},"&lbrkslu;":{"entity":10637,"characters":"\u298d"},"&Lcaron;":{"entity":317,"characters":"\u013d"},"&lcaron;":{"entity":318,"characters":"\u013e"},"&Lcedil;":{"entity":315,"characters":"\u013b"},"&lcedil;":{"entity":316,"characters":"\u013c"},"&lceil;":{"entity":8968,"characters":"\u2308"},"&Lcy;":{"entity":1051,"characters":"\u041b"},"&lcy;":{"entity":1083,"characters":"\u043b"},"&ldca;":{"entity":10550,"characters":"\u2936"},"&ldquo;":{"entity":8220,"characters":"\u201c"},"&ldrdhar;":{"entity":10599,"characters":"\u2967"},"&ldrushar;":{"entity":10571,"characters":"\u294b"},"&ldsh;":{"entity":8626,"characters":"\u21b2"},"&le;":{"entity":8804,"characters":"\u2264"},"&lE;":{"entity":8806,"characters":"\u2266"},"&LeftArrowRightArrow;":{"entity":8646,"characters":"\u21c6"},"&LeftDoubleBracket;":{"entity":10214,"characters":"\u27e6"},"&LeftDownTeeVector;":{"entity":10593,"characters":"\u2961"},"&LeftDownVectorBar;":{"entity":10585,"characters":"\u2959"},"&LeftFloor;":{"entity":8970,"characters":"\u230a"},"&leftharpoonup;":{"entity":8636,"characters":"\u21bc"},"&leftleftarrows;":{"entity":8647,"characters":"\u21c7"},"&leftrightharpoons;":{"entity":8651,"characters":"\u21cb"},"&LeftRightVector;":{"entity":10574,"characters":"\u294e"},"&LeftTeeArrow;":{"entity":8612,"characters":"\u21a4"},"&LeftTeeVector;":{"entity":10586,"characters":"\u295a"},"&leftthreetimes;":{"entity":8907,"characters":"\u22cb"},"&LeftTriangleBar;":{"entity":10703,"characters":"\u29cf"},"&LeftTriangle;":{"entity":8882,"characters":"\u22b2"},"&LeftTriangleEqual;":{"entity":8884,"characters":"\u22b4"},"&LeftUpDownVector;":{"entity":10577,"characters":"\u2951"},"&LeftUpTeeVector;":{"entity":10592,"characters":"\u2960"},"&LeftUpVectorBar;":{"entity":10584,"characters":"\u2958"},"&LeftUpVector;":{"entity":8639,"characters":"\u21bf"},"&LeftVectorBar;":{"entity":10578,"characters":"\u2952"},"&lEg;":{"entity":10891,"characters":"\u2a8b"},"&leg;":{"entity":8922,"characters":"\u22da"},"&leqslant;":{"entity":10877,"characters":"\u2a7d"},"&lescc;":{"entity":10920,"characters":"\u2aa8"},"&lesdot;":{"entity":10879,"characters":"\u2a7f"},"&lesdoto;":{"entity":10881,"characters":"\u2a81"},"&lesdotor;":{"entity":10883,"characters":"\u2a83"},"&lesges;":{"entity":10899,"characters":"\u2a93"},"&lessdot;":{"entity":8918,"characters":"\u22d6"},"&LessGreater;":{"entity":8822,"characters":"\u2276"},"&LessLess;":{"entity":10913,"characters":"\u2aa1"},"&lesssim;":{"entity":8818,"characters":"\u2272"},"&lfisht;":{"entity":10620,"characters":"\u297c"},"&Lfr;":{"entity":120079,"characters":"\ud835\udd0f"},"&lfr;":{"entity":120105,"characters":"\ud835\udd29"},"&lgE;":{"entity":10897,"characters":"\u2a91"},"&lHar;":{"entity":10594,"characters":"\u2962"},"&lharul;":{"entity":10602,"characters":"\u296a"},"&lhblk;":{"entity":9604,"characters":"\u2584"},"&LJcy;":{"entity":1033,"characters":"\u0409"},"&ljcy;":{"entity":1113,"characters":"\u0459"},"&ll;":{"entity":8810,"characters":"\u226a"},"&Ll;":{"entity":8920,"characters":"\u22d8"},"&llhard;":{"entity":10603,"characters":"\u296b"},"&lltri;":{"entity":9722,"characters":"\u25fa"},"&Lmidot;":{"entity":319,"characters":"\u013f"},"&lmidot;":{"entity":320,"characters":"\u0140"},"&lmoustache;":{"entity":9136,"characters":"\u23b0"},"&lnap;":{"entity":10889,"characters":"\u2a89"},"&lne;":{"entity":10887,"characters":"\u2a87"},"&lnE;":{"entity":8808,"characters":"\u2268"},"&lnsim;":{"entity":8934,"characters":"\u22e6"},"&loang;":{"entity":10220,"characters":"\u27ec"},"&loarr;":{"entity":8701,"characters":"\u21fd"},"&longleftarrow;":{"entity":10229,"characters":"\u27f5"},"&longleftrightarrow;":{"entity":10231,"characters":"\u27f7"},"&longmapsto;":{"entity":10236,"characters":"\u27fc"},"&longrightarrow;":{"entity":10230,"characters":"\u27f6"},"&looparrowright;":{"entity":8620,"characters":"\u21ac"},"&lopar;":{"entity":10629,"characters":"\u2985"},"&Lopf;":{"entity":120131,"characters":"\ud835\udd43"},"&lopf;":{"entity":120157,"characters":"\ud835\udd5d"},"&loplus;":{"entity":10797,"characters":"\u2a2d"},"&lotimes;":{"entity":10804,"characters":"\u2a34"},"&lowast;":{"entity":8727,"characters":"\u2217"},"&lowbar;":{"entity":95,"characters":"_"},"&LowerLeftArrow;":{"entity":8601,"characters":"\u2199"},"&LowerRightArrow;":{"entity":8600,"characters":"\u2198"},"&loz;":{"entity":9674,"characters":"\u25ca"},"&lpar;":{"entity":40,"characters":"("},"&lparlt;":{"entity":10643,"characters":"\u2993"},"&lrhard;":{"entity":10605,"characters":"\u296d"},"&lrm;":{"entity":8206,"characters":"\u200e"},"&lrtri;":{"entity":8895,"characters":"\u22bf"},"&lsaquo;":{"entity":8249,"characters":"\u2039"},"&lscr;":{"entity":120001,"characters":"\ud835\udcc1"},"&lsh;":{"entity":8624,"characters":"\u21b0"},"&lsime;":{"entity":10893,"characters":"\u2a8d"},"&lsimg;":{"entity":10895,"characters":"\u2a8f"},"&lsquo;":{"entity":8216,"characters":"\u2018"},"&lsquor;":{"entity":8218,"characters":"\u201a"},"&Lstrok;":{"entity":321,"characters":"\u0141"},"&lstrok;":{"entity":322,"characters":"\u0142"},"&ltcc;":{"entity":10918,"characters":"\u2aa6"},"&ltcir;":{"entity":10873,"characters":"\u2a79"},"&lt;":{"entity":60,"characters":"<"},"&ltimes;":{"entity":8905,"characters":"\u22c9"},"&ltlarr;":{"entity":10614,"characters":"\u2976"},"&ltquest;":{"entity":10875,"characters":"\u2a7b"},"&ltri;":{"entity":9667,"characters":"\u25c3"},"&ltrPar;":{"entity":10646,"characters":"\u2996"},"&lurdshar;":{"entity":10570,"characters":"\u294a"},"&luruhar;":{"entity":10598,"characters":"\u2966"},"&macr;":{"entity":175,"characters":"\u00af"},"&male;":{"entity":9794,"characters":"\u2642"},"&malt;":{"entity":10016,"characters":"\u2720"},"&Map;":{"entity":10501,"characters":"\u2905"},"&map;":{"entity":8614,"characters":"\u21a6"},"&mapstoup;":{"entity":8613,"characters":"\u21a5"},"&marker;":{"entity":9646,"characters":"\u25ae"},"&mcomma;":{"entity":10793,"characters":"\u2a29"},"&Mcy;":{"entity":1052,"characters":"\u041c"},"&mcy;":{"entity":1084,"characters":"\u043c"},"&mdash;":{"entity":8212,"characters":"\u2014"},"&mDDot;":{"entity":8762,"characters":"\u223a"},"&MediumSpace;":{"entity":8287,"characters":"\u205f"},"&Mellintrf;":{"entity":8499,"characters":"\u2133"},"&Mfr;":{"entity":120080,"characters":"\ud835\udd10"},"&mfr;":{"entity":120106,"characters":"\ud835\udd2a"},"&mho;":{"entity":8487,"characters":"\u2127"},"&micro;":{"entity":181,"characters":"\u00b5"},"&midcir;":{"entity":10992,"characters":"\u2af0"},"&mid;":{"entity":8739,"characters":"\u2223"},"&minus;":{"entity":8722,"characters":"\u2212"},"&minusdu;":{"entity":10794,"characters":"\u2a2a"},"&MinusPlus;":{"entity":8723,"characters":"\u2213"},"&mlcp;":{"entity":10971,"characters":"\u2adb"},"&models;":{"entity":8871,"characters":"\u22a7"},"&Mopf;":{"entity":120132,"characters":"\ud835\udd44"},"&mopf;":{"entity":120158,"characters":"\ud835\udd5e"},"&mscr;":{"entity":120002,"characters":"\ud835\udcc2"},"&Mu;":{"entity":924,"characters":"\u039c"},"&mu;":{"entity":956,"characters":"\u03bc"},"&multimap;":{"entity":8888,"characters":"\u22b8"},"&Nacute;":{"entity":323,"characters":"\u0143"},"&nacute;":{"entity":324,"characters":"\u0144"},"&nap;":{"entity":8777,"characters":"\u2249"},"&napos;":{"entity":329,"characters":"\u0149"},"&natural;":{"entity":9838,"characters":"\u266e"},"&naturals;":{"entity":8469,"characters":"\u2115"},"&nbsp;":{"entity":160,"characters":"\u00a0"},"&ncap;":{"entity":10819,"characters":"\u2a43"},"&Ncaron;":{"entity":327,"characters":"\u0147"},"&ncaron;":{"entity":328,"characters":"\u0148"},"&Ncedil;":{"entity":325,"characters":"\u0145"},"&ncedil;":{"entity":326,"characters":"\u0146"},"&ncong;":{"entity":8775,"characters":"\u2247"},"&ncup;":{"entity":10818,"characters":"\u2a42"},"&Ncy;":{"entity":1053,"characters":"\u041d"},"&ncy;":{"entity":1085,"characters":"\u043d"},"&ndash;":{"entity":8211,"characters":"\u2013"},"&nearhk;":{"entity":10532,"characters":"\u2924"},"&nearr;":{"entity":8599,"characters":"\u2197"},"&neArr;":{"entity":8663,"characters":"\u21d7"},"&ne;":{"entity":8800,"characters":"\u2260"},"&NegativeMediumSpace;":{"entity":8203,"characters":"\u200b"},"&nequiv;":{"entity":8802,"characters":"\u2262"},"&nesear;":{"entity":10536,"characters":"\u2928"},"&NewLine;":{"entity":10,"characters":"\n"},"&nexist;":{"entity":8708,"characters":"\u2204"},"&Nfr;":{"entity":120081,"characters":"\ud835\udd11"},"&nfr;":{"entity":120107,"characters":"\ud835\udd2b"},"&nge;":{"entity":8817,"characters":"\u2271"},"&ngsim;":{"entity":8821,"characters":"\u2275"},"&ngt;":{"entity":8815,"characters":"\u226f"},"&nharr;":{"entity":8622,"characters":"\u21ae"},"&nhArr;":{"entity":8654,"characters":"\u21ce"},"&nhpar;":{"entity":10994,"characters":"\u2af2"},"&ni;":{"entity":8715,"characters":"\u220b"},"&nis;":{"entity":8956,"characters":"\u22fc"},"&nisd;":{"entity":8954,"characters":"\u22fa"},"&NJcy;":{"entity":1034,"characters":"\u040a"},"&njcy;":{"entity":1114,"characters":"\u045a"},"&nlarr;":{"entity":8602,"characters":"\u219a"},"&nlArr;":{"entity":8653,"characters":"\u21cd"},"&nldr;":{"entity":8229,"characters":"\u2025"},"&nle;":{"entity":8816,"characters":"\u2270"},"&nless;":{"entity":8814,"characters":"\u226e"},"&nlsim;":{"entity":8820,"characters":"\u2274"},"&nltri;":{"entity":8938,"characters":"\u22ea"},"&nltrie;":{"entity":8940,"characters":"\u22ec"},"&nmid;":{"entity":8740,"characters":"\u2224"},"&NoBreak;":{"entity":8288,"characters":"\u2060"},"&nopf;":{"entity":120159,"characters":"\ud835\udd5f"},"&Not;":{"entity":10988,"characters":"\u2aec"},"&not;":{"entity":172,"characters":"\u00ac"},"&NotCupCap;":{"entity":8813,"characters":"\u226d"},"&NotDoubleVerticalBar;":{"entity":8742,"characters":"\u2226"},"&NotElement;":{"entity":8713,"characters":"\u2209"},"&NotGreaterLess;":{"entity":8825,"characters":"\u2279"},"&notinvb;":{"entity":8951,"characters":"\u22f7"},"&notinvc;":{"entity":8950,"characters":"\u22f6"},"&NotLessGreater;":{"entity":8824,"characters":"\u2278"},"&notni;":{"entity":8716,"characters":"\u220c"},"&notnivb;":{"entity":8958,"characters":"\u22fe"},"&notnivc;":{"entity":8957,"characters":"\u22fd"},"&NotPrecedes;":{"entity":8832,"characters":"\u2280"},"&NotPrecedesEqual;":{"entity":10927,"characters":"\u2aaf\u0338"},"&NotPrecedesSlantEqual;":{"entity":8928,"characters":"\u22e0"},"&NotRightTriangleBar;":{"entity":10704,"characters":"\u29d0\u0338"},"&NotRightTriangle;":{"entity":8939,"characters":"\u22eb"},"&NotRightTriangleEqual;":{"entity":8941,"characters":"\u22ed"},"&NotSquareSubset;":{"entity":8847,"characters":"\u228f\u0338"},"&NotSquareSubsetEqual;":{"entity":8930,"characters":"\u22e2"},"&NotSquareSuperset;":{"entity":8848,"characters":"\u2290\u0338"},"&NotSquareSupersetEqual;":{"entity":8931,"characters":"\u22e3"},"&NotSubset;":{"entity":8834,"characters":"\u2282\u20d2"},"&NotSubsetEqual;":{"entity":8840,"characters":"\u2288"},"&NotSucceeds;":{"entity":8833,"characters":"\u2281"},"&NotSucceedsEqual;":{"entity":10928,"characters":"\u2ab0\u0338"},"&NotSucceedsSlantEqual;":{"entity":8929,"characters":"\u22e1"},"&NotSucceedsTilde;":{"entity":8831,"characters":"\u227f\u0338"},"&NotSuperset;":{"entity":8835,"characters":"\u2283\u20d2"},"&NotSupersetEqual;":{"entity":8841,"characters":"\u2289"},"&NotTilde;":{"entity":8769,"characters":"\u2241"},"&NotTildeEqual;":{"entity":8772,"characters":"\u2244"},"&nparsl;":{"entity":11005,"characters":"\u2afd\u20e5"},"&npart;":{"entity":8706,"characters":"\u2202\u0338"},"&npolint;":{"entity":10772,"characters":"\u2a14"},"&nrarrc;":{"entity":10547,"characters":"\u2933\u0338"},"&nrarr;":{"entity":8603,"characters":"\u219b"},"&nrArr;":{"entity":8655,"characters":"\u21cf"},"&nrarrw;":{"entity":8605,"characters":"\u219d\u0338"},"&Nscr;":{"entity":119977,"characters":"\ud835\udca9"},"&nscr;":{"entity":120003,"characters":"\ud835\udcc3"},"&nsub;":{"entity":8836,"characters":"\u2284"},"&nsubE;":{"entity":10949,"characters":"\u2ac5\u0338"},"&nsup;":{"entity":8837,"characters":"\u2285"},"&nsupE;":{"entity":10950,"characters":"\u2ac6\u0338"},"&Ntilde;":{"entity":209,"characters":"\u00d1"},"&ntilde;":{"entity":241,"characters":"\u00f1"},"&Nu;":{"entity":925,"characters":"\u039d"},"&nu;":{"entity":957,"characters":"\u03bd"},"&num;":{"entity":35,"characters":"#"},"&numero;":{"entity":8470,"characters":"\u2116"},"&numsp;":{"entity":8199,"characters":"\u2007"},"&nvdash;":{"entity":8876,"characters":"\u22ac"},"&nvDash;":{"entity":8877,"characters":"\u22ad"},"&nVdash;":{"entity":8878,"characters":"\u22ae"},"&nVDash;":{"entity":8879,"characters":"\u22af"},"&nvHarr;":{"entity":10500,"characters":"\u2904"},"&nvinfin;":{"entity":10718,"characters":"\u29de"},"&nvlArr;":{"entity":10498,"characters":"\u2902"},"&nvrArr;":{"entity":10499,"characters":"\u2903"},"&nvrtrie;":{"entity":8885,"characters":"\u22b5\u20d2"},"&nvsim;":{"entity":8764,"characters":"\u223c\u20d2"},"&nwarhk;":{"entity":10531,"characters":"\u2923"},"&nwarr;":{"entity":8598,"characters":"\u2196"},"&nwArr;":{"entity":8662,"characters":"\u21d6"},"&nwnear;":{"entity":10535,"characters":"\u2927"},"&Oacute;":{"entity":211,"characters":"\u00d3"},"&oacute;":{"entity":243,"characters":"\u00f3"},"&Ocirc;":{"entity":212,"characters":"\u00d4"},"&ocirc;":{"entity":244,"characters":"\u00f4"},"&Ocy;":{"entity":1054,"characters":"\u041e"},"&ocy;":{"entity":1086,"characters":"\u043e"},"&Odblac;":{"entity":336,"characters":"\u0150"},"&odblac;":{"entity":337,"characters":"\u0151"},"&odiv;":{"entity":10808,"characters":"\u2a38"},"&odsold;":{"entity":10684,"characters":"\u29bc"},"&OElig;":{"entity":338,"characters":"\u0152"},"&oelig;":{"entity":339,"characters":"\u0153"},"&ofcir;":{"entity":10687,"characters":"\u29bf"},"&Ofr;":{"entity":120082,"characters":"\ud835\udd12"},"&ofr;":{"entity":120108,"characters":"\ud835\udd2c"},"&ogon;":{"entity":731,"characters":"\u02db"},"&Ograve;":{"entity":210,"characters":"\u00d2"},"&ograve;":{"entity":242,"characters":"\u00f2"},"&ogt;":{"entity":10689,"characters":"\u29c1"},"&ohbar;":{"entity":10677,"characters":"\u29b5"},"&ohm;":{"entity":937,"characters":"\u03a9"},"&olcir;":{"entity":10686,"characters":"\u29be"},"&olcross;":{"entity":10683,"characters":"\u29bb"},"&oline;":{"entity":8254,"characters":"\u203e"},"&olt;":{"entity":10688,"characters":"\u29c0"},"&Omacr;":{"entity":332,"characters":"\u014c"},"&omacr;":{"entity":333,"characters":"\u014d"},"&omega;":{"entity":969,"characters":"\u03c9"},"&Omicron;":{"entity":927,"characters":"\u039f"},"&omicron;":{"entity":959,"characters":"\u03bf"},"&omid;":{"entity":10678,"characters":"\u29b6"},"&Oopf;":{"entity":120134,"characters":"\ud835\udd46"},"&oopf;":{"entity":120160,"characters":"\ud835\udd60"},"&opar;":{"entity":10679,"characters":"\u29b7"},"&operp;":{"entity":10681,"characters":"\u29b9"},"&Or;":{"entity":10836,"characters":"\u2a54"},"&or;":{"entity":8744,"characters":"\u2228"},"&ord;":{"entity":10845,"characters":"\u2a5d"},"&order;":{"entity":8500,"characters":"\u2134"},"&ordf;":{"entity":170,"characters":"\u00aa"},"&ordm;":{"entity":186,"characters":"\u00ba"},"&origof;":{"entity":8886,"characters":"\u22b6"},"&oror;":{"entity":10838,"characters":"\u2a56"},"&orslope;":{"entity":10839,"characters":"\u2a57"},"&orv;":{"entity":10843,"characters":"\u2a5b"},"&Oscr;":{"entity":119978,"characters":"\ud835\udcaa"},"&Oslash;":{"entity":216,"characters":"\u00d8"},"&oslash;":{"entity":248,"characters":"\u00f8"},"&osol;":{"entity":8856,"characters":"\u2298"},"&Otilde;":{"entity":213,"characters":"\u00d5"},"&otilde;":{"entity":245,"characters":"\u00f5"},"&otimesas;":{"entity":10806,"characters":"\u2a36"},"&Otimes;":{"entity":10807,"characters":"\u2a37"},"&Ouml;":{"entity":214,"characters":"\u00d6"},"&ouml;":{"entity":246,"characters":"\u00f6"},"&ovbar;":{"entity":9021,"characters":"\u233d"},"&OverBrace;":{"entity":9182,"characters":"\u23de"},"&OverBracket;":{"entity":9140,"characters":"\u23b4"},"&OverParenthesis;":{"entity":9180,"characters":"\u23dc"},"&para;":{"entity":182,"characters":"\u00b6"},"&parsim;":{"entity":10995,"characters":"\u2af3"},"&Pcy;":{"entity":1055,"characters":"\u041f"},"&pcy;":{"entity":1087,"characters":"\u043f"},"&percnt;":{"entity":37,"characters":"%"},"&period;":{"entity":46,"characters":"."},"&permil;":{"entity":8240,"characters":"\u2030"},"&pertenk;":{"entity":8241,"characters":"\u2031"},"&Pfr;":{"entity":120083,"characters":"\ud835\udd13"},"&pfr;":{"entity":120109,"characters":"\ud835\udd2d"},"&Phi;":{"entity":934,"characters":"\u03a6"},"&phi;":{"entity":966,"characters":"\u03c6"},"&phiv;":{"entity":981,"characters":"\u03d5"},"&phone;":{"entity":9742,"characters":"\u260e"},"&Pi;":{"entity":928,"characters":"\u03a0"},"&pi;":{"entity":960,"characters":"\u03c0"},"&piv;":{"entity":982,"characters":"\u03d6"},"&planckh;":{"entity":8462,"characters":"\u210e"},"&plusacir;":{"entity":10787,"characters":"\u2a23"},"&pluscir;":{"entity":10786,"characters":"\u2a22"},"&plus;":{"entity":43,"characters":"+"},"&plusdu;":{"entity":10789,"characters":"\u2a25"},"&pluse;":{"entity":10866,"characters":"\u2a72"},"&PlusMinus;":{"entity":177,"characters":"\u00b1"},"&plussim;":{"entity":10790,"characters":"\u2a26"},"&plustwo;":{"entity":10791,"characters":"\u2a27"},"&pointint;":{"entity":10773,"characters":"\u2a15"},"&popf;":{"entity":120161,"characters":"\ud835\udd61"},"&Popf;":{"entity":8473,"characters":"\u2119"},"&pound;":{"entity":163,"characters":"\u00a3"},"&prap;":{"entity":10935,"characters":"\u2ab7"},"&Pr;":{"entity":10939,"characters":"\u2abb"},"&pr;":{"entity":8826,"characters":"\u227a"},"&prcue;":{"entity":8828,"characters":"\u227c"},"&PrecedesTilde;":{"entity":8830,"characters":"\u227e"},"&precnapprox;":{"entity":10937,"characters":"\u2ab9"},"&precneqq;":{"entity":10933,"characters":"\u2ab5"},"&precnsim;":{"entity":8936,"characters":"\u22e8"},"&prE;":{"entity":10931,"characters":"\u2ab3"},"&prime;":{"entity":8242,"characters":"\u2032"},"&Prime;":{"entity":8243,"characters":"\u2033"},"&prod;":{"entity":8719,"characters":"\u220f"},"&profalar;":{"entity":9006,"characters":"\u232e"},"&profline;":{"entity":8978,"characters":"\u2312"},"&profsurf;":{"entity":8979,"characters":"\u2313"},"&prop;":{"entity":8733,"characters":"\u221d"},"&prurel;":{"entity":8880,"characters":"\u22b0"},"&Pscr;":{"entity":119979,"characters":"\ud835\udcab"},"&pscr;":{"entity":120005,"characters":"\ud835\udcc5"},"&Psi;":{"entity":936,"characters":"\u03a8"},"&psi;":{"entity":968,"characters":"\u03c8"},"&puncsp;":{"entity":8200,"characters":"\u2008"},"&Qfr;":{"entity":120084,"characters":"\ud835\udd14"},"&qfr;":{"entity":120110,"characters":"\ud835\udd2e"},"&qopf;":{"entity":120162,"characters":"\ud835\udd62"},"&Qopf;":{"entity":8474,"characters":"\u211a"},"&qprime;":{"entity":8279,"characters":"\u2057"},"&Qscr;":{"entity":119980,"characters":"\ud835\udcac"},"&qscr;":{"entity":120006,"characters":"\ud835\udcc6"},"&quatint;":{"entity":10774,"characters":"\u2a16"},"&quest;":{"entity":63,"characters":"?"},"&quot;":{"entity":34,"characters":"\""},"&rAarr;":{"entity":8667,"characters":"\u21db"},"&Racute;":{"entity":340,"characters":"\u0154"},"&racute;":{"entity":341,"characters":"\u0155"},"&radic;":{"entity":8730,"characters":"\u221a"},"&raemptyv;":{"entity":10675,"characters":"\u29b3"},"&rang;":{"entity":10217,"characters":"\u27e9"},"&Rang;":{"entity":10219,"characters":"\u27eb"},"&rangd;":{"entity":10642,"characters":"\u2992"},"&range;":{"entity":10661,"characters":"\u29a5"},"&raquo;":{"entity":187,"characters":"\u00bb"},"&rarrap;":{"entity":10613,"characters":"\u2975"},"&rarrb;":{"entity":8677,"characters":"\u21e5"},"&rarrbfs;":{"entity":10528,"characters":"\u2920"},"&rarr;":{"entity":8594,"characters":"\u2192"},"&Rarr;":{"entity":8608,"characters":"\u21a0"},"&rarrfs;":{"entity":10526,"characters":"\u291e"},"&rarrpl;":{"entity":10565,"characters":"\u2945"},"&rarrsim;":{"entity":10612,"characters":"\u2974"},"&Rarrtl;":{"entity":10518,"characters":"\u2916"},"&rarrtl;":{"entity":8611,"characters":"\u21a3"},"&ratail;":{"entity":10522,"characters":"\u291a"},"&rAtail;":{"entity":10524,"characters":"\u291c"},"&ratio;":{"entity":8758,"characters":"\u2236"},"&rbbrk;":{"entity":10099,"characters":"\u2773"},"&rbrace;":{"entity":125,"characters":"}"},"&rbrack;":{"entity":93,"characters":"]"},"&rbrke;":{"entity":10636,"characters":"\u298c"},"&rbrksld;":{"entity":10638,"characters":"\u298e"},"&rbrkslu;":{"entity":10640,"characters":"\u2990"},"&Rcaron;":{"entity":344,"characters":"\u0158"},"&rcaron;":{"entity":345,"characters":"\u0159"},"&Rcedil;":{"entity":342,"characters":"\u0156"},"&rcedil;":{"entity":343,"characters":"\u0157"},"&rceil;":{"entity":8969,"characters":"\u2309"},"&Rcy;":{"entity":1056,"characters":"\u0420"},"&rcy;":{"entity":1088,"characters":"\u0440"},"&rdca;":{"entity":10551,"characters":"\u2937"},"&rdldhar;":{"entity":10601,"characters":"\u2969"},"&rdsh;":{"entity":8627,"characters":"\u21b3"},"&real;":{"entity":8476,"characters":"\u211c"},"&realine;":{"entity":8475,"characters":"\u211b"},"&reals;":{"entity":8477,"characters":"\u211d"},"&rect;":{"entity":9645,"characters":"\u25ad"},"&rfisht;":{"entity":10621,"characters":"\u297d"},"&rfloor;":{"entity":8971,"characters":"\u230b"},"&rfr;":{"entity":120111,"characters":"\ud835\udd2f"},"&rHar;":{"entity":10596,"characters":"\u2964"},"&rharu;":{"entity":8640,"characters":"\u21c0"},"&rharul;":{"entity":10604,"characters":"\u296c"},"&Rho;":{"entity":929,"characters":"\u03a1"},"&rho;":{"entity":961,"characters":"\u03c1"},"&rhov;":{"entity":1009,"characters":"\u03f1"},"&RightArrowLeftArrow;":{"entity":8644,"characters":"\u21c4"},"&RightDoubleBracket;":{"entity":10215,"characters":"\u27e7"},"&RightDownTeeVector;":{"entity":10589,"characters":"\u295d"},"&RightDownVectorBar;":{"entity":10581,"characters":"\u2955"},"&rightrightarrows;":{"entity":8649,"characters":"\u21c9"},"&RightTee;":{"entity":8866,"characters":"\u22a2"},"&RightTeeVector;":{"entity":10587,"characters":"\u295b"},"&rightthreetimes;":{"entity":8908,"characters":"\u22cc"},"&RightTriangle;":{"entity":8883,"characters":"\u22b3"},"&RightUpDownVector;":{"entity":10575,"characters":"\u294f"},"&RightUpTeeVector;":{"entity":10588,"characters":"\u295c"},"&RightUpVectorBar;":{"entity":10580,"characters":"\u2954"},"&RightUpVector;":{"entity":8638,"characters":"\u21be"},"&RightVectorBar;":{"entity":10579,"characters":"\u2953"},"&ring;":{"entity":730,"characters":"\u02da"},"&rlm;":{"entity":8207,"characters":"\u200f"},"&rmoustache;":{"entity":9137,"characters":"\u23b1"},"&rnmid;":{"entity":10990,"characters":"\u2aee"},"&roang;":{"entity":10221,"characters":"\u27ed"},"&roarr;":{"entity":8702,"characters":"\u21fe"},"&ropar;":{"entity":10630,"characters":"\u2986"},"&ropf;":{"entity":120163,"characters":"\ud835\udd63"},"&roplus;":{"entity":10798,"characters":"\u2a2e"},"&rotimes;":{"entity":10805,"characters":"\u2a35"},"&RoundImplies;":{"entity":10608,"characters":"\u2970"},"&rpar;":{"entity":41,"characters":")"},"&rpargt;":{"entity":10644,"characters":"\u2994"},"&rppolint;":{"entity":10770,"characters":"\u2a12"},"&rsaquo;":{"entity":8250,"characters":"\u203a"},"&rscr;":{"entity":120007,"characters":"\ud835\udcc7"},"&rsh;":{"entity":8625,"characters":"\u21b1"},"&rtimes;":{"entity":8906,"characters":"\u22ca"},"&rtri;":{"entity":9657,"characters":"\u25b9"},"&rtriltri;":{"entity":10702,"characters":"\u29ce"},"&RuleDelayed;":{"entity":10740,"characters":"\u29f4"},"&ruluhar;":{"entity":10600,"characters":"\u2968"},"&rx;":{"entity":8478,"characters":"\u211e"},"&Sacute;":{"entity":346,"characters":"\u015a"},"&sacute;":{"entity":347,"characters":"\u015b"},"&scap;":{"entity":10936,"characters":"\u2ab8"},"&Scaron;":{"entity":352,"characters":"\u0160"},"&scaron;":{"entity":353,"characters":"\u0161"},"&Sc;":{"entity":10940,"characters":"\u2abc"},"&sc;":{"entity":8827,"characters":"\u227b"},"&sccue;":{"entity":8829,"characters":"\u227d"},"&scE;":{"entity":10932,"characters":"\u2ab4"},"&Scedil;":{"entity":350,"characters":"\u015e"},"&scedil;":{"entity":351,"characters":"\u015f"},"&Scirc;":{"entity":348,"characters":"\u015c"},"&scirc;":{"entity":349,"characters":"\u015d"},"&scnap;":{"entity":10938,"characters":"\u2aba"},"&scnE;":{"entity":10934,"characters":"\u2ab6"},"&scnsim;":{"entity":8937,"characters":"\u22e9"},"&scpolint;":{"entity":10771,"characters":"\u2a13"},"&Scy;":{"entity":1057,"characters":"\u0421"},"&scy;":{"entity":1089,"characters":"\u0441"},"&sdot;":{"entity":8901,"characters":"\u22c5"},"&sdote;":{"entity":10854,"characters":"\u2a66"},"&seArr;":{"entity":8664,"characters":"\u21d8"},"&sect;":{"entity":167,"characters":"\u00a7"},"&semi;":{"entity":59,"characters":";"},"&seswar;":{"entity":10537,"characters":"\u2929"},"&sext;":{"entity":10038,"characters":"\u2736"},"&Sfr;":{"entity":120086,"characters":"\ud835\udd16"},"&sfr;":{"entity":120112,"characters":"\ud835\udd30"},"&sharp;":{"entity":9839,"characters":"\u266f"},"&SHCHcy;":{"entity":1065,"characters":"\u0429"},"&shchcy;":{"entity":1097,"characters":"\u0449"},"&SHcy;":{"entity":1064,"characters":"\u0428"},"&shcy;":{"entity":1096,"characters":"\u0448"},"&ShortUpArrow;":{"entity":8593,"characters":"\u2191"},"&shy;":{"entity":173,"characters":"\u00ad"},"&Sigma;":{"entity":931,"characters":"\u03a3"},"&sigma;":{"entity":963,"characters":"\u03c3"},"&sigmaf;":{"entity":962,"characters":"\u03c2"},"&simdot;":{"entity":10858,"characters":"\u2a6a"},"&sime;":{"entity":8771,"characters":"\u2243"},"&simg;":{"entity":10910,"characters":"\u2a9e"},"&simgE;":{"entity":10912,"characters":"\u2aa0"},"&siml;":{"entity":10909,"characters":"\u2a9d"},"&simlE;":{"entity":10911,"characters":"\u2a9f"},"&simne;":{"entity":8774,"characters":"\u2246"},"&simplus;":{"entity":10788,"characters":"\u2a24"},"&simrarr;":{"entity":10610,"characters":"\u2972"},"&smashp;":{"entity":10803,"characters":"\u2a33"},"&smeparsl;":{"entity":10724,"characters":"\u29e4"},"&smile;":{"entity":8995,"characters":"\u2323"},"&smt;":{"entity":10922,"characters":"\u2aaa"},"&smte;":{"entity":10924,"characters":"\u2aac"},"&SOFTcy;":{"entity":1068,"characters":"\u042c"},"&softcy;":{"entity":1100,"characters":"\u044c"},"&solbar;":{"entity":9023,"characters":"\u233f"},"&solb;":{"entity":10692,"characters":"\u29c4"},"&sol;":{"entity":47,"characters":"\/"},"&Sopf;":{"entity":120138,"characters":"\ud835\udd4a"},"&sopf;":{"entity":120164,"characters":"\ud835\udd64"},"&spades;":{"entity":9824,"characters":"\u2660"},"&sqcap;":{"entity":8851,"characters":"\u2293"},"&sqcup;":{"entity":8852,"characters":"\u2294"},"&sqsube;":{"entity":8849,"characters":"\u2291"},"&sqsupe;":{"entity":8850,"characters":"\u2292"},"&square;":{"entity":9633,"characters":"\u25a1"},"&Sscr;":{"entity":119982,"characters":"\ud835\udcae"},"&sscr;":{"entity":120008,"characters":"\ud835\udcc8"},"&sstarf;":{"entity":8902,"characters":"\u22c6"},"&star;":{"entity":9734,"characters":"\u2606"},"&Sub;":{"entity":8912,"characters":"\u22d0"},"&subdot;":{"entity":10941,"characters":"\u2abd"},"&sube;":{"entity":8838,"characters":"\u2286"},"&subedot;":{"entity":10947,"characters":"\u2ac3"},"&submult;":{"entity":10945,"characters":"\u2ac1"},"&subnE;":{"entity":10955,"characters":"\u2acb"},"&subne;":{"entity":8842,"characters":"\u228a"},"&subplus;":{"entity":10943,"characters":"\u2abf"},"&subrarr;":{"entity":10617,"characters":"\u2979"},"&subsim;":{"entity":10951,"characters":"\u2ac7"},"&subsub;":{"entity":10965,"characters":"\u2ad5"},"&subsup;":{"entity":10963,"characters":"\u2ad3"},"&sum;":{"entity":8721,"characters":"\u2211"},"&sung;":{"entity":9834,"characters":"\u266a"},"&sup1;":{"entity":185,"characters":"\u00b9"},"&sup2;":{"entity":178,"characters":"\u00b2"},"&sup3;":{"entity":179,"characters":"\u00b3"},"&Sup;":{"entity":8913,"characters":"\u22d1"},"&supdot;":{"entity":10942,"characters":"\u2abe"},"&supdsub;":{"entity":10968,"characters":"\u2ad8"},"&supe;":{"entity":8839,"characters":"\u2287"},"&supedot;":{"entity":10948,"characters":"\u2ac4"},"&suphsol;":{"entity":10185,"characters":"\u27c9"},"&suphsub;":{"entity":10967,"characters":"\u2ad7"},"&suplarr;":{"entity":10619,"characters":"\u297b"},"&supmult;":{"entity":10946,"characters":"\u2ac2"},"&supnE;":{"entity":10956,"characters":"\u2acc"},"&supne;":{"entity":8843,"characters":"\u228b"},"&supplus;":{"entity":10944,"characters":"\u2ac0"},"&supsim;":{"entity":10952,"characters":"\u2ac8"},"&supsub;":{"entity":10964,"characters":"\u2ad4"},"&supsup;":{"entity":10966,"characters":"\u2ad6"},"&swArr;":{"entity":8665,"characters":"\u21d9"},"&swnwar;":{"entity":10538,"characters":"\u292a"},"&szlig;":{"entity":223,"characters":"\u00df"},"&Tab;":{"entity":9,"characters":"\t"},"&target;":{"entity":8982,"characters":"\u2316"},"&Tau;":{"entity":932,"characters":"\u03a4"},"&tau;":{"entity":964,"characters":"\u03c4"},"&Tcaron;":{"entity":356,"characters":"\u0164"},"&tcaron;":{"entity":357,"characters":"\u0165"},"&Tcedil;":{"entity":354,"characters":"\u0162"},"&tcedil;":{"entity":355,"characters":"\u0163"},"&Tcy;":{"entity":1058,"characters":"\u0422"},"&tcy;":{"entity":1090,"characters":"\u0442"},"&tdot;":{"entity":8411,"characters":"\u20db"},"&telrec;":{"entity":8981,"characters":"\u2315"},"&Tfr;":{"entity":120087,"characters":"\ud835\udd17"},"&tfr;":{"entity":120113,"characters":"\ud835\udd31"},"&there4;":{"entity":8756,"characters":"\u2234"},"&Theta;":{"entity":920,"characters":"\u0398"},"&theta;":{"entity":952,"characters":"\u03b8"},"&thetasym;":{"entity":977,"characters":"\u03d1"},"&ThinSpace;":{"entity":8201,"characters":"\u2009"},"&THORN;":{"entity":222,"characters":"\u00de"},"&thorn;":{"entity":254,"characters":"\u00fe"},"&timesbar;":{"entity":10801,"characters":"\u2a31"},"&times;":{"entity":215,"characters":"\u00d7"},"&timesd;":{"entity":10800,"characters":"\u2a30"},"&topbot;":{"entity":9014,"characters":"\u2336"},"&topcir;":{"entity":10993,"characters":"\u2af1"},"&Topf;":{"entity":120139,"characters":"\ud835\udd4b"},"&topf;":{"entity":120165,"characters":"\ud835\udd65"},"&topfork;":{"entity":10970,"characters":"\u2ada"},"&tprime;":{"entity":8244,"characters":"\u2034"},"&trade;":{"entity":8482,"characters":"\u2122"},"&triangle;":{"entity":9653,"characters":"\u25b5"},"&triangleq;":{"entity":8796,"characters":"\u225c"},"&tridot;":{"entity":9708,"characters":"\u25ec"},"&triminus;":{"entity":10810,"characters":"\u2a3a"},"&triplus;":{"entity":10809,"characters":"\u2a39"},"&trisb;":{"entity":10701,"characters":"\u29cd"},"&tritime;":{"entity":10811,"characters":"\u2a3b"},"&trpezium;":{"entity":9186,"characters":"\u23e2"},"&Tscr;":{"entity":119983,"characters":"\ud835\udcaf"},"&tscr;":{"entity":120009,"characters":"\ud835\udcc9"},"&TScy;":{"entity":1062,"characters":"\u0426"},"&tscy;":{"entity":1094,"characters":"\u0446"},"&TSHcy;":{"entity":1035,"characters":"\u040b"},"&tshcy;":{"entity":1115,"characters":"\u045b"},"&Tstrok;":{"entity":358,"characters":"\u0166"},"&tstrok;":{"entity":359,"characters":"\u0167"},"&Uacute;":{"entity":218,"characters":"\u00da"},"&uacute;":{"entity":250,"characters":"\u00fa"},"&Uarr;":{"entity":8607,"characters":"\u219f"},"&Uarrocir;":{"entity":10569,"characters":"\u2949"},"&Ubrcy;":{"entity":1038,"characters":"\u040e"},"&ubrcy;":{"entity":1118,"characters":"\u045e"},"&Ubreve;":{"entity":364,"characters":"\u016c"},"&ubreve;":{"entity":365,"characters":"\u016d"},"&Ucirc;":{"entity":219,"characters":"\u00db"},"&ucirc;":{"entity":251,"characters":"\u00fb"},"&Ucy;":{"entity":1059,"characters":"\u0423"},"&ucy;":{"entity":1091,"characters":"\u0443"},"&udarr;":{"entity":8645,"characters":"\u21c5"},"&Udblac;":{"entity":368,"characters":"\u0170"},"&udblac;":{"entity":369,"characters":"\u0171"},"&udhar;":{"entity":10606,"characters":"\u296e"},"&ufisht;":{"entity":10622,"characters":"\u297e"},"&Ufr;":{"entity":120088,"characters":"\ud835\udd18"},"&ufr;":{"entity":120114,"characters":"\ud835\udd32"},"&Ugrave;":{"entity":217,"characters":"\u00d9"},"&ugrave;":{"entity":249,"characters":"\u00f9"},"&uHar;":{"entity":10595,"characters":"\u2963"},"&uhblk;":{"entity":9600,"characters":"\u2580"},"&ulcorn;":{"entity":8988,"characters":"\u231c"},"&ulcrop;":{"entity":8975,"characters":"\u230f"},"&ultri;":{"entity":9720,"characters":"\u25f8"},"&Umacr;":{"entity":362,"characters":"\u016a"},"&umacr;":{"entity":363,"characters":"\u016b"},"&UnderBrace;":{"entity":9183,"characters":"\u23df"},"&UnderParenthesis;":{"entity":9181,"characters":"\u23dd"},"&UnionPlus;":{"entity":8846,"characters":"\u228e"},"&Uogon;":{"entity":370,"characters":"\u0172"},"&uogon;":{"entity":371,"characters":"\u0173"},"&Uopf;":{"entity":120140,"characters":"\ud835\udd4c"},"&uopf;":{"entity":120166,"characters":"\ud835\udd66"},"&UpArrowBar;":{"entity":10514,"characters":"\u2912"},"&updownarrow;":{"entity":8597,"characters":"\u2195"},"&upsi;":{"entity":965,"characters":"\u03c5"},"&Upsi;":{"entity":978,"characters":"\u03d2"},"&Upsilon;":{"entity":933,"characters":"\u03a5"},"&upuparrows;":{"entity":8648,"characters":"\u21c8"},"&urcorn;":{"entity":8989,"characters":"\u231d"},"&urcrop;":{"entity":8974,"characters":"\u230e"},"&Uring;":{"entity":366,"characters":"\u016e"},"&uring;":{"entity":367,"characters":"\u016f"},"&urtri;":{"entity":9721,"characters":"\u25f9"},"&Uscr;":{"entity":119984,"characters":"\ud835\udcb0"},"&uscr;":{"entity":120010,"characters":"\ud835\udcca"},"&utdot;":{"entity":8944,"characters":"\u22f0"},"&Utilde;":{"entity":360,"characters":"\u0168"},"&utilde;":{"entity":361,"characters":"\u0169"},"&Uuml;":{"entity":220,"characters":"\u00dc"},"&uuml;":{"entity":252,"characters":"\u00fc"},"&uwangle;":{"entity":10663,"characters":"\u29a7"},"&vangrt;":{"entity":10652,"characters":"\u299c"},"&vBar;":{"entity":10984,"characters":"\u2ae8"},"&Vbar;":{"entity":10987,"characters":"\u2aeb"},"&vBarv;":{"entity":10985,"characters":"\u2ae9"},"&Vcy;":{"entity":1042,"characters":"\u0412"},"&vcy;":{"entity":1074,"characters":"\u0432"},"&Vdash;":{"entity":8873,"characters":"\u22a9"},"&VDash;":{"entity":8875,"characters":"\u22ab"},"&Vdashl;":{"entity":10982,"characters":"\u2ae6"},"&veebar;":{"entity":8891,"characters":"\u22bb"},"&veeeq;":{"entity":8794,"characters":"\u225a"},"&vellip;":{"entity":8942,"characters":"\u22ee"},"&verbar;":{"entity":124,"characters":"|"},"&Verbar;":{"entity":8214,"characters":"\u2016"},"&VerticalSeparator;":{"entity":10072,"characters":"\u2758"},"&VerticalTilde;":{"entity":8768,"characters":"\u2240"},"&Vfr;":{"entity":120089,"characters":"\ud835\udd19"},"&vfr;":{"entity":120115,"characters":"\ud835\udd33"},"&Vopf;":{"entity":120141,"characters":"\ud835\udd4d"},"&vopf;":{"entity":120167,"characters":"\ud835\udd67"},"&Vscr;":{"entity":119985,"characters":"\ud835\udcb1"},"&vscr;":{"entity":120011,"characters":"\ud835\udccb"},"&Vvdash;":{"entity":8874,"characters":"\u22aa"},"&vzigzag;":{"entity":10650,"characters":"\u299a"},"&Wcirc;":{"entity":372,"characters":"\u0174"},"&wcirc;":{"entity":373,"characters":"\u0175"},"&wedbar;":{"entity":10847,"characters":"\u2a5f"},"&wedgeq;":{"entity":8793,"characters":"\u2259"},"&weierp;":{"entity":8472,"characters":"\u2118"},"&Wfr;":{"entity":120090,"characters":"\ud835\udd1a"},"&wfr;":{"entity":120116,"characters":"\ud835\udd34"},"&Wopf;":{"entity":120142,"characters":"\ud835\udd4e"},"&wopf;":{"entity":120168,"characters":"\ud835\udd68"},"&Wscr;":{"entity":119986,"characters":"\ud835\udcb2"},"&wscr;":{"entity":120012,"characters":"\ud835\udccc"},"&Xfr;":{"entity":120091,"characters":"\ud835\udd1b"},"&xfr;":{"entity":120117,"characters":"\ud835\udd35"},"&Xi;":{"entity":926,"characters":"\u039e"},"&xi;":{"entity":958,"characters":"\u03be"},"&xnis;":{"entity":8955,"characters":"\u22fb"},"&Xopf;":{"entity":120143,"characters":"\ud835\udd4f"},"&xopf;":{"entity":120169,"characters":"\ud835\udd69"},"&Xscr;":{"entity":119987,"characters":"\ud835\udcb3"},"&xscr;":{"entity":120013,"characters":"\ud835\udccd"},"&Yacute;":{"entity":221,"characters":"\u00dd"},"&yacute;":{"entity":253,"characters":"\u00fd"},"&YAcy;":{"entity":1071,"characters":"\u042f"},"&yacy;":{"entity":1103,"characters":"\u044f"},"&Ycirc;":{"entity":374,"characters":"\u0176"},"&ycirc;":{"entity":375,"characters":"\u0177"},"&Ycy;":{"entity":1067,"characters":"\u042b"},"&ycy;":{"entity":1099,"characters":"\u044b"},"&yen;":{"entity":165,"characters":"\u00a5"},"&Yfr;":{"entity":120092,"characters":"\ud835\udd1c"},"&yfr;":{"entity":120118,"characters":"\ud835\udd36"},"&YIcy;":{"entity":1031,"characters":"\u0407"},"&yicy;":{"entity":1111,"characters":"\u0457"},"&Yopf;":{"entity":120144,"characters":"\ud835\udd50"},"&yopf;":{"entity":120170,"characters":"\ud835\udd6a"},"&Yscr;":{"entity":119988,"characters":"\ud835\udcb4"},"&yscr;":{"entity":120014,"characters":"\ud835\udcce"},"&YUcy;":{"entity":1070,"characters":"\u042e"},"&yucy;":{"entity":1102,"characters":"\u044e"},"&yuml;":{"entity":255,"characters":"\u00ff"},"&Yuml;":{"entity":376,"characters":"\u0178"},"&Zacute;":{"entity":377,"characters":"\u0179"},"&zacute;":{"entity":378,"characters":"\u017a"},"&Zcaron;":{"entity":381,"characters":"\u017d"},"&zcaron;":{"entity":382,"characters":"\u017e"},"&Zcy;":{"entity":1047,"characters":"\u0417"},"&zcy;":{"entity":1079,"characters":"\u0437"},"&Zdot;":{"entity":379,"characters":"\u017b"},"&zdot;":{"entity":380,"characters":"\u017c"},"&zeetrf;":{"entity":8488,"characters":"\u2128"},"&Zeta;":{"entity":918,"characters":"\u0396"},"&zeta;":{"entity":950,"characters":"\u03b6"},"&zfr;":{"entity":120119,"characters":"\ud835\udd37"},"&ZHcy;":{"entity":1046,"characters":"\u0416"},"&zhcy;":{"entity":1078,"characters":"\u0436"},"&zigrarr;":{"entity":8669,"characters":"\u21dd"},"&zopf;":{"entity":120171,"characters":"\ud835\udd6b"},"&Zscr;":{"entity":119989,"characters":"\ud835\udcb5"},"&zscr;":{"entity":120015,"characters":"\ud835\udccf"},"&zwj;":{"entity":8205,"characters":"\u200d"},"&zwnj;":{"entity":8204,"characters":"\u200c"}}